product_name,product_rating,product_current_price,product_url
Just Dance 2024 Edition Nintendo Switch Game,"Rating 3.80004 out of 5
(40)",£25.99,https://www.argos.co.uk/product/7088214
My Universe: My Baby New Edition Nintendo Switch Game,"Rating 4.700006 out of 5
(6)",£11.99,https://www.argos.co.uk/product/5790384
Instant Sports Nintendo Switch Game,"Rating 3.700052 out of 5
(52)",£11.99,https://www.argos.co.uk/product/5793453
Overcooked! 2 Nintendo Switch Game,"Rating 4.800012 out of 5
(12)",£11.99,https://www.argos.co.uk/product/7049370
MX vs ATV All Out Nintendo Switch Game,,£11.99,https://www.argos.co.uk/product/4569602
Super Mario Bros.U Deluxe Nintendo Switch Game,"Rating 4.900561 out of 5
(561)",£37.99,https://www.argos.co.uk/product/5798575
Pokémon Scarlet Nintendo Switch Game,"Rating 4.70011 out of 5
(110)",£37.99,https://www.argos.co.uk/product/7087679
Big Brain Academy: Brain vs. Brain Nintendo Switch Game,"Rating 4.800056 out of 5
(56)",£19.99,https://www.argos.co.uk/product/4883986
LEGO DC Super-Villains Nintendo Switch Game,"Rating 4.80004 out of 5
(40)",£15.99,https://www.argos.co.uk/product/5021675
Xenoblade Chronicles 3 Nintendo Switch Game,"Rating 4.800021 out of 5
(21)",£32.99,https://www.argos.co.uk/product/6826257
Nickelodeon Kart Racers 2: Grand Prix Nintendo Switch Game,"Rating 4.600017 out of 5
(17)",£11.99,https://www.argos.co.uk/product/5811366
Kirby And The Forgotten Land Nintendo Switch Game,"Rating 4.90014 out of 5
(140)",£37.99,https://www.argos.co.uk/product/5797923
Hogwarts Legacy Nintendo Switch Game,"Rating 4.900067 out of 5
(67)",£39.99,https://www.argos.co.uk/product/3989159
Need For Speed: Hot Pursuit Remastered Nintendo Switch Game,"Rating 4.800047 out of 5
(47)",£20.99,https://www.argos.co.uk/product/5526778
Red Dead Redemption Nintendo Switch Game,"Rating 4.900016 out of 5
(16)",£32.99,https://www.argos.co.uk/product/5813027
LEGO The NINJAGO Movie Videogame Nintendo Switch Game,"Rating 5.000008 out of 5
(8)",£15.99,https://www.argos.co.uk/product/6792989
Spirit Of The North Nintendo Switch Game,"Rating 4.800009 out of 5
(9)",£11.99,https://www.argos.co.uk/product/4705507
Minecraft Dungeons: Ultimate Edition Nintendo Switch Game,"Rating 4.400005 out of 5
(5)",£27.99,https://www.argos.co.uk/product/7087435
Monster Jam Steel Titans Nintendo Switch Game,,£11.99,https://www.argos.co.uk/product/4666945
Super Mario Party Nintendo Switch Game,"Rating 4.800514 out of 5
(514)",£37.99,https://www.argos.co.uk/product/4654122
Mario & Sonic At The Olympic Games Nintendo Switch Game,"Rating 4.800368 out of 5
(368)",£37.99,https://www.argos.co.uk/product/4709242
Super Mario Maker 2 Nintendo Switch Game,"Rating 4.800323 out of 5
(323)",£37.99,https://www.argos.co.uk/product/5022076
Donkey Kong Country: Tropical Freeze Nintendo Switch Game,"Rating 4.900174 out of 5
(174)",£37.99,https://www.argos.co.uk/product/4743600
Pikmin 4 Nintendo Switch Game,"Rating 4.800044 out of 5
(44)",£37.99,https://www.argos.co.uk/product/4743617
Overcooked! Special Edition Nintendo Switch Game,"Rating 4.300016 out of 5
(16)",£11.99,https://www.argos.co.uk/product/5811830
Super Mario Party Jamboree Nintendo Switch Game Pre-Order,,£42.99,https://www.argos.co.uk/product/6751274
LEGO Marvel Super Heroes Nintendo Switch Game,"Rating 4.500072 out of 5
(72)",£19.99,https://www.argos.co.uk/product/7086481
Carnival Games Nintendo Switch Game,"Rating 4.300186 out of 5
(186)",£11.99,https://www.argos.co.uk/product/4720874
Fantasy Friends Nintendo Switch Game,"Rating 4.600034 out of 5
(34)",£11.99,https://www.argos.co.uk/product/4841904
Minecraft Legends Deluxe Edition Nintendo Switch Game,"Rating 4.900019 out of 5
(19)",£32.99,https://www.argos.co.uk/product/7048027
LEGO City Undercover Nintendo Switch Game,"Rating 4.800021 out of 5
(21)",£15.99,https://www.argos.co.uk/product/6822141
Mario + Rabbids Sparks Of Hope Nintendo Switch Game,"Rating 4.500036 out of 5
(36)",£16.99,https://www.argos.co.uk/product/7126200
LEGO Jurassic World Nintendo Switch Game,"Rating 4.700021 out of 5
(21)",£19.99,https://www.argos.co.uk/product/5813814
NERF Legends Nintendo Switch Game,"Rating 4.700018 out of 5
(18)",£11.99,https://www.argos.co.uk/product/6828664
Fae Farm Nintendo Switch Game,"Rating 4.700018 out of 5
(18)",£37.99,https://www.argos.co.uk/product/4841007
Trials Rising Nintendo Switch Game,"Rating 4.900007 out of 5
(7)",£11.99,https://www.argos.co.uk/product/6794468
PAW Patrol: Grand Prix Nintendo Switch Game,"Rating 5.000006 out of 5
(6)",£22.99,https://www.argos.co.uk/product/4655970
Bayonetta 3 Nintendo Switch Game,"Rating 4.60001 out of 5
(10)",£19.99,https://www.argos.co.uk/product/5822544
Everybody 1-2-Switch! Nintendo Switch Game,"Rating 4.400011 out of 5
(11)",£19.99,https://www.argos.co.uk/product/5791314
Hot Wheels Unleashed 2: Turbocharged Nintendo Switch Game,"Rating 4.700006 out of 5
(6)",£24.99,https://www.argos.co.uk/product/4707873
Worms Rumble Nintendo Switch Game,"Rating 3.000017 out of 5
(17)",£11.99,https://www.argos.co.uk/product/5648979
LEGO Star Wars: The Skywalker Saga Nintendo Switch Game,"Rating 4.800066 out of 5
(66)",£26.99,https://www.argos.co.uk/product/5252664
Kirby's Return To Dream Land Deluxe Nintendo Switch Game,"Rating 4.800027 out of 5
(27)",£37.99,https://www.argos.co.uk/product/6826123
Assassin's Creed III Remastered Nintendo Switch Game,"Rating 4.600039 out of 5
(39)",£12.99,https://www.argos.co.uk/product/7122280
Descenders Nintendo Switch Game,"Rating 4.90002 out of 5
(20)",£15.49,https://www.argos.co.uk/product/5796584
It Takes Two Nintendo Switch Game,"Rating 4.900019 out of 5
(19)",£29.99,https://www.argos.co.uk/product/4886251
Assassin's Creed: The Rebel Collection Nintendo Switch Game,"Rating 4.400038 out of 5
(38)",£16.49,https://www.argos.co.uk/product/7089419
Immortals Fenyx Rising Nintendo Switch Game,"Rating 4.60002 out of 5
(20)",£11.99,https://www.argos.co.uk/product/7141003
Detective Pikachu Returns Nintendo Switch Game,"Rating 4.800013 out of 5
(13)",£32.99,https://www.argos.co.uk/product/4845917
Cuphead Nintendo Switch Game,"Rating 5.000009 out of 5
(9)",£27.99,https://www.argos.co.uk/product/4705105
Sonic Superstars Nintendo Switch Game,"Rating 4.700013 out of 5
(13)",£32.99,https://www.argos.co.uk/product/5024830
Barbie DreamHouse Adventures Nintendo Switch Game,"Rating 4.900008 out of 5
(8)",£31.99,https://www.argos.co.uk/product/6795443
Fantasy Friends: Under The Sea Nintendo Switch Game,"Rating 5.000007 out of 5
(7)",£11.99,https://www.argos.co.uk/product/5815506
Unravel Two Nintendo Switch Game,"Rating 5.000005 out of 5
(5)",£23.99,https://www.argos.co.uk/product/8815778
Transformers Battlegrounds Nintendo Switch Game,"Rating 5.000005 out of 5
(5)",£9.99,https://www.argos.co.uk/product/7140592
DreamWorks Trolls Remix Rescue Nintendo Switch Game,"Rating 4.800006 out of 5
(6)",£23.99,https://www.argos.co.uk/product/6827713
Let's Sing 2024 Nintendo Switch Game,"Rating 5.000004 out of 5
(4)",£41.99,https://www.argos.co.uk/product/5250642
My Universe: Cooking Star Restaurant Nintendo Switch Game,"Rating 4.400008 out of 5
(8)",£11.99,https://www.argos.co.uk/product/5827972
Fashion Dreamer Nintendo Switch Game,"Rating 5.000003 out of 5
(3)",£19.99,https://www.argos.co.uk/product/6822158
Alex Kidd In Miracle World DX Nintendo Switch Game,"Rating 4.300006 out of 5
(6)",£9.99,https://www.argos.co.uk/product/7126509
Little Friends: Puppy Island Nintendo Switch Game,"Rating 5.000002 out of 5
(2)",£19.99,https://www.argos.co.uk/product/5818352
LEGO The Incredibles Nintendo Switch Game,"Rating 4.100007 out of 5
(7)",£15.99,https://www.argos.co.uk/product/5025114
30 in 1 Game Collection Vol. 2 Nintendo Switch Game,"Rating 4.300003 out of 5
(3)",£11.99,https://www.argos.co.uk/product/4849645
FUN FUN Animal Park Nintendo Switch Game,"Rating 5.000001 out of 5
(1)",£11.99,https://www.argos.co.uk/product/4721701
Batman: Arkham Trilogy Nintendo Switch Game,"Rating 5.000001 out of 5
(1)",£29.99,https://www.argos.co.uk/product/3989843
The Smurfs Village Party Nintendo Switch Game,,£31.99,https://www.argos.co.uk/product/5813515
Ben 10 Power Trip Nintendo Switch Game,,£9.99,https://www.argos.co.uk/product/4880161
Construction Machines Simulator Nintendo Switch Game,,£11.99,https://www.argos.co.uk/product/4849683
My Little Pony A Zephyr Heights Mystery Nintendo Switch Game,,£32.99,https://www.argos.co.uk/product/4747754
Disney Epic Mickey: Rebrushed Nintendo Switch Game Pre-Order,,£40.99,https://www.argos.co.uk/product/4650085
Little Friends Dogs & Cats Nintendo Switch Game,,£21.99,https://www.argos.co.uk/product/4633332
Kids vs Parents Nintendo Switch Game,,£11.99,https://www.argos.co.uk/product/4077170
Little Nightmares Complete Nintendo Switch Game,,£11.99,https://www.argos.co.uk/product/4033592
My Universe: School Teacher Nintendo Switch Game,"Rating 2.800009 out of 5
(9)",£11.99,https://www.argos.co.uk/product/5827817
Ring Fit Adventure Nintendo Switch Game,"Rating 4.901099 out of 5
(1099)",£52.99,https://www.argos.co.uk/product/4658214
Sonic Mania Plus Nintendo Switch Game,"Rating 4.700175 out of 5
(175)",£22.99,https://www.argos.co.uk/product/5253481
Captain Toad: Treasure Tracker Nintendo Switch Game,"Rating 4.700143 out of 5
(143)",£27.99,https://www.argos.co.uk/product/6824606
New Super Lucky's Tale Nintendo Switch Game,"Rating 4.700106 out of 5
(106)",£11.99,https://www.argos.co.uk/product/3989434
Sonic Forces Nintendo Switch Game,"Rating 4.600108 out of 5
(108)",£22.99,https://www.argos.co.uk/product/4847049
Crash Bandicoot 4: It's About Time Nintendo Switch Game,"Rating 4.800045 out of 5
(45)",£23.99,https://www.argos.co.uk/product/4706647
Mario Strikers: Battle League Football Nintendo Switch Game,"Rating 4.800036 out of 5
(36)",£37.99,https://www.argos.co.uk/product/4722614
James Pond: Codename Robocod Nintendo Switch Game,"Rating 4.500076 out of 5
(76)",£8.99,https://www.argos.co.uk/product/5647736
Super Mario RPG Nintendo Switch Game,"Rating 4.900026 out of 5
(26)",£37.99,https://www.argos.co.uk/product/5550005
Shaun The Sheep: Home Sheep Home Nintendo Switch Game,"Rating 4.600047 out of 5
(47)",£11.99,https://www.argos.co.uk/product/4701130
Sonic Colours Ultimate Nintendo Switch Game,"Rating 4.80003 out of 5
(30)",£22.99,https://www.argos.co.uk/product/5259887
Stardew Valley Nintendo Switch Game,"Rating 4.900025 out of 5
(25)",£30.99,https://www.argos.co.uk/product/4797694
Table Top Racing Nitro Edition Nintendo Switch Game,"Rating 4.500058 out of 5
(58)",£8.99,https://www.argos.co.uk/product/5025956
Five Nights At Freddy's: Help Wanted Nintendo Switch Game,"Rating 5.000016 out of 5
(16)",£19.99,https://www.argos.co.uk/product/6824297
Trivial Pursuit Live! Nintendo Switch Game,"Rating 4.80002 out of 5
(20)",£11.99,https://www.argos.co.uk/product/4702672
Among Us: Crewmate Edition Nintendo Switch Game,"Rating 4.600027 out of 5
(27)",£19.99,https://www.argos.co.uk/product/4700959
Bluey: The Videogame Nintendo Switch Game,"Rating 4.800017 out of 5
(17)",£30.99,https://www.argos.co.uk/product/7081541
Sonic Frontiers Nintendo Switch Game,"Rating 4.700019 out of 5
(19)",£32.99,https://www.argos.co.uk/product/5815609
Gang Beasts Nintendo Switch Game,"Rating 4.900013 out of 5
(13)",£23.99,https://www.argos.co.uk/product/7149287
Golf With Your Friends Nintendo Switch Game,"Rating 4.600018 out of 5
(18)",£11.99,https://www.argos.co.uk/product/6792910
Harvest Moon: Light Of Hope Special Edn Nintendo Switch Game,"Rating 4.700015 out of 5
(15)",£8.99,https://www.argos.co.uk/product/3989283
Rabbids: Party Of Legends Nintendo Switch Game,"Rating 4.700015 out of 5
(15)",£7.20,https://www.argos.co.uk/product/2998244
Five Nights At Freddy's Security Breach Nintendo Switch Game,"Rating 5.00001 out of 5
(10)",£27.99,https://www.argos.co.uk/product/6827775
Mortal Kombat 11 Nintendo Switch Game,"Rating 4.400028 out of 5
(28)",£15.99,https://www.argos.co.uk/product/7081211
Assassin's Creed: The Ezio Collection Nintendo Switch Game,"Rating 4.800011 out of 5
(11)",£16.49,https://www.argos.co.uk/product/5792186
Colors Live Nintendo Switch Game,"Rating 4.80001 out of 5
(10)",£42.99,https://www.argos.co.uk/product/4744771
Sonic Origins Plus Nintendo Switch Game,"Rating 4.900008 out of 5
(8)",£23.99,https://www.argos.co.uk/product/7085176
Disney Dreamlight Valley Cozy Edition Nintendo Switch Game,"Rating 5.000006 out of 5
(6)",£41.99,https://www.argos.co.uk/product/7082942
Mortal Kombat 1 Nintendo Switch Game,"Rating 5.000005 out of 5
(5)",£26.99,https://www.argos.co.uk/product/7143324
RollerCoaster Tycoon Adventures Deluxe Nintendo Switch Game,"Rating 5.000005 out of 5
(5)",£30.99,https://www.argos.co.uk/product/5815960
Team Sonic Racing Nintendo Switch Game,"Rating 5.000005 out of 5
(5)",£22.99,https://www.argos.co.uk/product/5795200
Miraculous: Rise Of The Sphinx Nintendo Switch Game,"Rating 4.700007 out of 5
(7)",£23.99,https://www.argos.co.uk/product/4742780
LEGO Worlds Nintendo Switch Game,"Rating 4.40001 out of 5
(10)",£15.99,https://www.argos.co.uk/product/7088290
The Walking Dead: Destinies Nintendo Switch Game,"Rating 5.000004 out of 5
(4)",£22.99,https://www.argos.co.uk/product/3988741
My Universe: Fashion Boutique Nintendo Switch Game,"Rating 4.500006 out of 5
(6)",£11.99,https://www.argos.co.uk/product/5250745
Horrid Henry's Krazy Karts Nintendo Switch Game,"Rating 5.000003 out of 5
(3)",£11.99,https://www.argos.co.uk/product/5811263
Fortnite Transformers Pack Nintendo Switch Game,"Rating 4.300009 out of 5
(9)",£18.49,https://www.argos.co.uk/product/6829515
WarioWare: Move It! Nintendo Switch Game,"Rating 4.300007 out of 5
(7)",£32.99,https://www.argos.co.uk/product/5440005
Farming Simulator 23 Nintendo Switch Edition Switch Game,"Rating 4.500004 out of 5
(4)",£36.99,https://www.argos.co.uk/product/7142260
Prince Of Persia: The Lost Crown Nintendo Switch Game,"Rating 5.000002 out of 5
(2)",£21.99,https://www.argos.co.uk/product/3636536
PAW Patrol World Nintendo Switch Game,"Rating 4.300004 out of 5
(4)",£22.99,https://www.argos.co.uk/product/7123007
LEGO Marvel Super Heroes 2 Nintendo Switch Game,"Rating 4.00002 out of 5
(20)",£15.99,https://www.argos.co.uk/product/7128844
Instant Chef Party Nintendo Switch Game,"Rating 5.000001 out of 5
(1)",£7.99,https://www.argos.co.uk/product/4849982
My Time At Sandrock Nintendo Switch Game,"Rating 5.000001 out of 5
(1)",£27.99,https://www.argos.co.uk/product/4633112
Eiyuden Chronicle: Hundred Heroes Nintendo Switch Game,"Rating 5.000001 out of 5
(1)",£49.99,https://www.argos.co.uk/product/3347375
Fate/Samurai Remnant Nintendo Switch Game,"Rating 5.000001 out of 5
(1)",£44.99,https://www.argos.co.uk/product/3155574
Redout 2 Deluxe Edition Nintendo Switch Game,"Rating 5.000001 out of 5
(1)",£26.99,https://www.argos.co.uk/product/1186394
Are You Smarter Than A 5th Grader? Nintendo Switch Game,"Rating 5.000001 out of 5
(1)",£20.99,https://www.argos.co.uk/product/1127793
DreamWorks All-Star Kart Racing Nintendo Switch Game,"Rating 4.000005 out of 5
(5)",£22.99,https://www.argos.co.uk/product/4849377
Endless Ocean Luminous Nintendo Switch Game,"Rating 4.000002 out of 5
(2)",£35.99,https://www.argos.co.uk/product/4650401
Yars Rising Nintendo Switch Game,,£25.99,https://www.argos.co.uk/product/7088654
Harvest Moon: The Winds Of Anthos Nintendo Switch Game,,£34.99,https://www.argos.co.uk/product/7071018
Time On Frog Island Nintendo Switch Game,,£7.99,https://www.argos.co.uk/product/7047523
Mario & Luigi: Brothership Nintendo Switch Game Pre-Order,,£42.99,https://www.argos.co.uk/product/6751195
Gigantosaurus: Dino Sports Nintendo Switch Game,,£31.99,https://www.argos.co.uk/product/6607445
Ultra Mega Xtra Party Challenge Nintendo Switch Game,,£11.99,https://www.argos.co.uk/product/5815898
Construction Simulator 4 Nintendo Switch Game,,£26.99,https://www.argos.co.uk/product/5813704
Jurassic Park Classic Games Collection Nintendo Switch Game,,£31.99,https://www.argos.co.uk/product/5813591
One Piece Odyssey Deluxe Edition Nintendo Switch Game,,£50.99,https://www.argos.co.uk/product/5792904
Shin Megami Tensei V: Vengeance Nintendo Switch Game,,£49.99,https://www.argos.co.uk/product/5255317
Clive 'N' Wrench Nintendo Switch Game,,£14.99,https://www.argos.co.uk/product/5252035
V-Rally 4 Nintendo Switch Game,,£11.99,https://www.argos.co.uk/product/5250800
Super Monkey Ball Banana Rumble Nintendo Switch Game,,£32.99,https://www.argos.co.uk/product/5029653
South Park: Snow Day! Nintendo Switch Game,,£19.99,https://www.argos.co.uk/product/5023972
TMNT: Mutants Unleashed Nintendo Switch Game Pre-Order,,£32.99,https://www.argos.co.uk/product/4881555
My Universe: Doctors and Nurses Nintendo Switch Game,,£11.99,https://www.argos.co.uk/product/4849786
Hot Lap Racing Nintendo Switch Game Pre-Order,,£31.99,https://www.argos.co.uk/product/4842604
Ghost Parade Nintendo Switch Game,,£11.99,https://www.argos.co.uk/product/4741341
SPY x ANYA: Operation Memories Nintendo Switch Game,,£38.99,https://www.argos.co.uk/product/4657576
Moving Out 2 Nintendo Switch Game,,£21.99,https://www.argos.co.uk/product/4634087
PJ Masks Power Heroes Mighty Alliance Nintendo Switch Game,,£24.99,https://www.argos.co.uk/product/4630043
Garden Simulator Nintendo Switch Game,,£11.99,https://www.argos.co.uk/product/4354862
Tee Time Golf Nintendo Switch Game,,£11.99,https://www.argos.co.uk/product/4332798
Digimon World: Next Order Nintendo Switch Game,,£38.99,https://www.argos.co.uk/product/4277468
Gearshifters Nintendo Switch Game,,£11.99,https://www.argos.co.uk/product/4039510
Instant Sports All-Stars Nintendo Switch Game,,£11.99,https://www.argos.co.uk/product/4037495
HOA Nintendo Switch Game,,£9.99,https://www.argos.co.uk/product/4015565
Contra: Operation Galuga Nintendo Switch Game,,£33.99,https://www.argos.co.uk/product/3631490
Emergency Call - The Attack Squad Nintendo Switch Game,,£25.99,https://www.argos.co.uk/product/3446032
Harvest Days Nintendo Switch Game Pre-Order,,£22.99,https://www.argos.co.uk/product/3445538
Skabma - Snowfall Nintendo Switch Game,,£21.99,https://www.argos.co.uk/product/3294071
Train Valley Collection Nintendo Switch Game,,£31.99,https://www.argos.co.uk/product/3248302
DINOSAURS: Mission Dino Camp Nintendo Switch Game,,£26.99,https://www.argos.co.uk/product/3241866
Battle Of Rebels Nintendo Switch Game Pre-Order,,£26.99,https://www.argos.co.uk/product/3157668
Survivor: Castaway Island Nintendo Switch Game,,£31.99,https://www.argos.co.uk/product/3157503
Beholder 3 Nintendo Switch Game,,£21.99,https://www.argos.co.uk/product/3156731
Jumanji: Wild Adventures Nintendo Switch Game,,£22.99,https://www.argos.co.uk/product/3137444
Pups & Purrs Pet Shop Nintendo Switch Game,,£32.99,https://www.argos.co.uk/product/3136634
Tchia: Oleti Edition Nintendo Switch Game,,£27.99,https://www.argos.co.uk/product/3083330
Dolphin Spirit: Ocean Mission Nintendo Switch Game,,£32.99,https://www.argos.co.uk/product/3067301
NBA 2K25 Nintendo Switch Game,,£44.99,https://www.argos.co.uk/product/2655673
Sociable Soccer 24 Nintendo Switch Game,,£22.99,https://www.argos.co.uk/product/2655051
Dragon Quest III HD-2D Remake Nintendo Switch Game Pre-Order,,£49.99,https://www.argos.co.uk/product/2654942
Balatro Special Edition Nintendo Switch Game Pre-Order,,£21.99,https://www.argos.co.uk/product/2654674
Sonic X Shadow Generations Nintendo Switch Game Pre-Order,,£44.99,https://www.argos.co.uk/product/2151081
Vampire: The Masquerade Swansong Nintendo Switch Game,,£39.99,https://www.argos.co.uk/product/1407671
My Time At Sandrock Nintendo Switch Game,"Rating 3.500002 out of 5
(2)",£29.99,https://www.argos.co.uk/product/3989692
Memory Nintendo Switch Game,"Rating 3.000001 out of 5
(1)",£8.99,https://www.argos.co.uk/product/3989726
Skull Island: Rise Of Kong Nintendo Switch Game,"Rating 3.000001 out of 5
(1)",£29.99,https://www.argos.co.uk/product/3203024
Agatha Christie: The ABC Murders Nintendo Switch Game,"Rating 3.800011 out of 5
(11)",£11.99,https://www.argos.co.uk/product/7143908
Flipping Death Nintendo Switch Game,"Rating 3.300003 out of 5
(3)",£9.99,https://www.argos.co.uk/product/3446458
The Grinch: Christmas Adventures Nintendo Switch Game,"Rating 4.300003 out of 5
(3)",£30.99,https://www.argos.co.uk/product/4749752
Sphinx and the Cursed Mummy Nintendo Switch Game,,£11.99,https://www.argos.co.uk/product/7087813
Namco Museum Archives Volume 2 Nintendo Switch Game,,£11.99,https://www.argos.co.uk/product/6795876
Tevi Nintendo Switch Game,,£31.99,https://www.argos.co.uk/product/5829798
Wrath: Aeon of Ruin Nintendo Switch Game,,£22.99,https://www.argos.co.uk/product/5829619
Cat Rescue Story Nintendo Switch Game Pre-Order,,£31.99,https://www.argos.co.uk/product/5829499
Core Keeper Nintendo Switch Game Pre-Order,,£24.99,https://www.argos.co.uk/product/5829468
Frog Detective: The Entire Mystery Nintendo Switch Game,,£34.99,https://www.argos.co.uk/product/5827312
Gothic Classic Khorinis Saga Nintendo Switch Game,,£29.99,https://www.argos.co.uk/product/5813955
The Smurfs Dreams Nintendo Switch Game Pre-Order,,£44.99,https://www.argos.co.uk/product/5813797
The Smurfs Dreams PS5 Game Pre-Order,,£44.99,https://www.argos.co.uk/product/5813773
Funko Fusion Nintendo Switch Game Pre-Order,,£42.99,https://www.argos.co.uk/product/5791716
Boardwalk Arcade 2 Nintendo Switch Game Pre-Order,,£25.99,https://www.argos.co.uk/product/5665440
Wild Bastards Nintendo Switch Game,,£31.99,https://www.argos.co.uk/product/5665347
Ugly Nintendo Switch Game,,£33.99,https://www.argos.co.uk/product/5027301
Everdream Valley Nintendo Switch Game,,£30.99,https://www.argos.co.uk/product/5025767
Blazing Strike Nintendo Switch Game Pre-Order,,£30.99,https://www.argos.co.uk/product/4883955
Leo the Firefighter Cat Nintendo Switch Game,,£23.99,https://www.argos.co.uk/product/4883711
Pokemon Legends Z-A Nintendo Switch Game Pre-Order,,£49.99,https://www.argos.co.uk/product/4881861
Outer Wilds: Archaeologist Edition Nintendo Switch Game,,£32.99,https://www.argos.co.uk/product/4881816
The Last Faith Nintendo Switch Game,,£30.99,https://www.argos.co.uk/product/4848196
Citizen Sleeper Nintendo Switch Game,,£30.99,https://www.argos.co.uk/product/4843270
House Flipper: Pets Edition Nintendo Switch Game,,£31.99,https://www.argos.co.uk/product/4658355
Lunar Lander Beyond Nintendo Switch Game,,£26.99,https://www.argos.co.uk/product/4657703
Pool Party Nintendo Switch Game,,£19.99,https://www.argos.co.uk/product/4650748
Morbid The Lords of Ire Nintendo Switch Game,,£26.99,https://www.argos.co.uk/product/4650607
Farming Simulator Kids Nintendo Switch Game Pre-Order,,£25.99,https://www.argos.co.uk/product/4650009
You Suck At Parking Nintendo Switch Game,,£13.99,https://www.argos.co.uk/product/4633813
Pocket Bravery Nintendo Switch Game Pre-Order,,£25.99,https://www.argos.co.uk/product/4633693
CATAN - Console Edition Nintendo Switch Game,,£11.99,https://www.argos.co.uk/product/4567570
Totally Spies - Cyber Mission Nintendo Switch Game Pre-Order,,£39.99,https://www.argos.co.uk/product/4338400
My Fantastic Ranch Nintendo Switch Game,,£18.99,https://www.argos.co.uk/product/4238775
DAVE THE DIVER – Anniversary Edition Nintendo Switch Game,,£38.99,https://www.argos.co.uk/product/4193542
Monster Jam Showdown Nintendo Switch Game,,£44.99,https://www.argos.co.uk/product/4167578
SCHiM Nintendo Switch Game Pre-Order,,£29.99,https://www.argos.co.uk/product/4162205
Darksiders Genesis Nintendo Switch Game,,£11.99,https://www.argos.co.uk/product/4099536
The Doinksoft Collection Nintendo Switch Game,,£29.99,https://www.argos.co.uk/product/4090614
UNO Legacy Edition Nintendo Switch Game,,£14.99,https://www.argos.co.uk/product/4077589
Tomb Raider I-III Remastered Nintendo Switch Game Pre-Order,,£29.99,https://www.argos.co.uk/product/4074496
Slave Zero X: Calamity Edition Nintendo Switch Game,,£42.99,https://www.argos.co.uk/product/3445507
Seed Of Life Nintendo Switch Game,,£26.99,https://www.argos.co.uk/product/3445466
VED Nintendo Switch Game Pre-Order,,£18.99,https://www.argos.co.uk/product/3440069
Atari Mania Nintendo Switch Game,,£31.99,https://www.argos.co.uk/product/3426234
Spirit Of The Island: Paradise Edition Nintendo Switch Game,,£12.99,https://www.argos.co.uk/product/3364839
Train Valley Collection Deluxe Edition Nintendo Switch Game,,£47.99,https://www.argos.co.uk/product/3280449
Battle Of Rebels PS4 Game Pre-Order,,£23.99,https://www.argos.co.uk/product/3156748
"Good Pizza, Great Pizza Nintendo Switch Game",,£9.99,https://www.argos.co.uk/product/3111886
Monopoly Nintendo Switch Game Pre-Order,,£24.99,https://www.argos.co.uk/product/3031344
TRANSFORMERS: Galactic Trials Nintendo Switch Game Pre-Order,,£34.99,https://www.argos.co.uk/product/3031179
Farmagia Nintendo Switch Game Pre-Order,,£44.99,https://www.argos.co.uk/product/3030895
Pepper Grinder Nintendo Switch Game Pre-Order,,£25.99,https://www.argos.co.uk/product/2999944
Nick Jr. Party Adventure Nintendo Switch Game Pre-Order,,£30.99,https://www.argos.co.uk/product/2659624
Potionomics: Masterwork Edn Nintendo Switch Game Pre-Order,,£34.99,https://www.argos.co.uk/product/2655264
Just Dance 2025 Edition Nintendo Switch Game Pre-Order,,£38.99,https://www.argos.co.uk/product/2655075
Fantasy Friends: Dream Worlds Nintendo Switch Game Pre-Order,,£32.99,https://www.argos.co.uk/product/2655044
Matchbox Driving Adventures Nintendo Switch Game Pre-Order,,£31.99,https://www.argos.co.uk/product/2654801
Conscript Nintendo Switch Game Pre-Order,,£29.99,https://www.argos.co.uk/product/2654708
Ravenswatch Nintendo Switch Game Pre-Order,,£31.99,https://www.argos.co.uk/product/2079376
The Karate Kid Street Rumble Nintendo Switch Game Pre-Order,,£32.99,https://www.argos.co.uk/product/2079345
The Legend Of Zelda: Tears Of The Kingdom Switch Game,"Rating 4.900411 out of 5
(411)",£44.99,https://www.argos.co.uk/product/5642975
The Legend of Zelda: Echoes of Wisdom Switch Game Pre-Order,,£46.99,https://www.argos.co.uk/product/2654980
DRAGON BALL: THE BREAKERS Special Edition Switch Game,"Rating 4.000001 out of 5
(1)",£11.99,https://www.argos.co.uk/product/7047963
SpongeBob SquarePants Battle For Bikini Bottom Switch Game,"Rating 4.700042 out of 5
(42)",£15.99,https://www.argos.co.uk/product/5028939
GTA: The Trilogy - The Definitive Edition Switch Game,"Rating 4.800031 out of 5
(31)",£37.99,https://www.argos.co.uk/product/6792611
Plants vs Zombies: Battle For Neighborville CE Switch Game,"Rating 4.700032 out of 5
(32)",£20.99,https://www.argos.co.uk/product/5820498
Pokémon Violet + Hidden Treasure Of Area Zero Switch Game,"Rating 4.600007 out of 5
(7)",£53.99,https://www.argos.co.uk/product/7080731
Naruto Shippuden: Ultimate Ninja Storm 3 Switch Game,,£11.99,https://www.argos.co.uk/product/4079824
SPONGEBOB SQUAREPANTS The Patrick Star Game Switch Pre-Order,,£30.99,https://www.argos.co.uk/product/3031131
Five Nights At Freddy's: Core Collection Switch Game,"Rating 4.900023 out of 5
(23)",£23.99,https://www.argos.co.uk/product/4844080
Bayonetta Origins: Cereza And The Lost Demon Switch Game,"Rating 4.600005 out of 5
(5)",£27.99,https://www.argos.co.uk/product/7123485
Avatar: The Last Airbender Quest For Balance Switch Game,"Rating 4.700003 out of 5
(3)",£23.99,https://www.argos.co.uk/product/5829152
Stranded Sails: Explorers Of The Cursed Islands Switch Game,"Rating 4.500004 out of 5
(4)",£8.99,https://www.argos.co.uk/product/7084407
Hotel Transylvania 3: Monsters Overboard Switch Game,"Rating 5.000001 out of 5
(1)",£9.99,https://www.argos.co.uk/product/5475214
My Universe Green Adventure: Farmer Friends Switch Game,"Rating 5.000001 out of 5
(1)",£11.99,https://www.argos.co.uk/product/4849803
Cobra Kai: The Karate Kid Saga Continues Switch Game,"Rating 4.000005 out of 5
(5)",£11.99,https://www.argos.co.uk/product/7126729
Rugrats Adventures In Gameland Switch Game Pre-Order,,£33.99,https://www.argos.co.uk/product/4847135
ACE COMBAT 7: Skies Unknown Deluxe Edition Switch Game,,£46.99,https://www.argos.co.uk/product/4660068
Hot Wheels Monster Trucks Stunt Mayhem Switch Game Pre-Order,,£29.99,https://www.argos.co.uk/product/4094885
The Grinch: Christmas Adventures Switch Game Pre-Order,,£32.99,https://www.argos.co.uk/product/3158306
Tintin Reporter: Cigars Of The Pharaoh Switch Game Pre-Order,,£43.99,https://www.argos.co.uk/product/2720137
TY Tasmanian Tiger Bush Rescue Bundle Dlx Ed Switch PreOrder,,£52.99,https://www.argos.co.uk/product/6820033
Asphalt Legends Unite Supercharged Edn Switch Game Pre-Order,,£31.99,https://www.argos.co.uk/product/5829705
Corpse Party II: Darkness Distortion Switch Game Pre-Order,,£44.99,https://www.argos.co.uk/product/5664843
TY the Tasmanian Tiger Bush Rescue Bundle Switch Pre-Order,,£34.99,https://www.argos.co.uk/product/4659103
TMNT: Mutants Unleashed Deluxe Edition Switch Game Pre-Order,,£54.99,https://www.argos.co.uk/product/4193841
Fantasy Life i The Girl Who Steals Time Switch Game PreOrder,,£35.99,https://www.argos.co.uk/product/4193494
Harry Potter Quidditch Champions Dlx Ed Switch Game PreOrder,,£29.99,https://www.argos.co.uk/product/4017329
Atari 50: The Anniversary Celebration Switch Game Pre-Order,,£34.99,https://www.argos.co.uk/product/4015699
oSplatoon 3 Switch Game + Expansion Pass + 3 Months NSO,,£52.99,https://www.argos.co.uk/product/4012049
A Little To The Left: Extra Tidy Edn Switch Game Pre-Order,,£29.99,https://www.argos.co.uk/product/3158461
Looney Tunes: Wacky World of Sports Switch Game Pre-Order,,£33.99,https://www.argos.co.uk/product/3111879
SWORD ART ONLINE Fractured Daydream Switch Game Pre-Order,,£49.99,https://www.argos.co.uk/product/3031227
Disney Magical World 2 Enchanted Edition Switch Game,,£19.99,https://www.argos.co.uk/product/3031100
Donkey Kong Country Returns HD Switch Game Pre-Order,,£42.99,https://www.argos.co.uk/product/2655020
Life is Strange: Double Exposure Switch Game Pre-Order,,£49.99,https://www.argos.co.uk/product/2654746
UFO Robot Grendizer The Feast Of The Wolves Switch Pre-Order,,£39.99,https://www.argos.co.uk/product/2252090
Monster High Skulltimate Secrets Switch Game Pre-Order,,£34.99,https://www.argos.co.uk/product/2079170